skill,category
Python,Software Engineering
Java,Software Engineering
JavaScript,Software Engineering
TypeScript,Software Engineering
C,Software Engineering
C++,Software Engineering
C#,Software Engineering
Go,Software Engineering
Rust,Software Engineering
PHP,Software Engineering
Ruby,Software Engineering
Scala,Software Engineering
Kotlin,Software Engineering
Swift,Software Engineering
React,Frontend
Next.js,Frontend
Angular,Frontend
Vue.js,Frontend
Svelte,Frontend
HTML,Frontend
CSS,Frontend
Tailwind CSS,Frontend
Bootstrap,Frontend
Node.js,Backend
Express.js,Backend
Django,Backend
Flask,Backend
FastAPI,Backend
Spring Boot,Backend
ASP.NET,Backend
Laravel,Backend
MySQL,Database
PostgreSQL,Database
MongoDB,Database
Redis,Database
Oracle,Database
SQLite,Database
Cassandra,Database
AWS,Cloud
Azure,Cloud
Google Cloud,Cloud
EC2,Cloud
S3,Cloud
Lambda,Cloud
CloudFormation,Cloud
Docker,DevOps
Kubernetes,DevOps
Jenkins,DevOps
Terraform,DevOps
Ansible,DevOps
GitHub Actions,DevOps
TensorFlow,AI/ML
PyTorch,AI/ML
Scikit-learn,AI/ML
NLP,AI/ML
Computer Vision,AI/ML
Generative AI,AI/ML
Pandas,Data Science
NumPy,Data Science
Matplotlib,Data Science
Statistics,Data Science
Data Visualization,Data Science
Penetration Testing,Cybersecurity
Network Security,Cybersecurity
OWASP,Cybersecurity
SIEM,Cybersecurity
Threat Hunting,Cybersecurity
TCP/IP,Networking
DNS,Networking
DHCP,Networking
Routing,Networking
Switching,Networking
Financial Analysis,Finance
Budgeting,Finance
Forecasting,Finance
Risk Management,Finance
Auditing,Finance
Bookkeeping,Accounting
Tax Preparation,Accounting
Accounts Payable,Accounting
Accounts Receivable,Accounting
Market Research,Commerce
Business Development,Commerce
Procurement,Commerce
Vendor Management,Commerce
Strategy Consulting,Consulting
Business Transformation,Consulting
Process Improvement,Consulting
Stakeholder Management,Consulting
SEO,Marketing
SEM,Marketing
Content Marketing,Marketing
Email Marketing,Marketing
Brand Management,Marketing
Lead Generation,Sales
Negotiation,Sales
CRM,Sales
Account Management,Sales
Recruitment,HR
Talent Acquisition,HR
Performance Management,HR
Employee Relations,HR
Operations Management,Operations
Quality Assurance,Operations
Lean Management,Operations
Six Sigma,Operations
Inventory Management,Supply Chain
Demand Planning,Supply Chain
Logistics,Supply Chain
Warehouse Management,Supply Chain
Clinical Research,Healthcare
Patient Care,Healthcare
Medical Coding,Healthcare
Healthcare Compliance,Healthcare
Contract Review,Legal
Legal Research,Legal
Compliance,Legal
Litigation Support,Legal
Curriculum Development,Education
Teaching,Education
Assessment Design,Education
Classroom Management,Education
Agile,Project Management
Scrum,Project Management
Kanban,Project Management
Risk Assessment,Project Management
Resource Planning,Project Management
Wireframing,UI/UX
Prototyping,UI/UX
User Research,UI/UX
Figma,UI/UX
Accessibility,UI/UX
Communication,Soft Skills
Leadership,Soft Skills
Problem Solving,Soft Skills
Teamwork,Soft Skills
Critical Thinking,Soft Skills
Python (Beginner),Software Engineering
Python (Intermediate),Software Engineering
Python (Advanced),Software Engineering
Python (Expert),Software Engineering
Python Implementation,Software Engineering
Python Administration,Software Engineering
Python Analysis,Software Engineering
Python Design,Software Engineering
Python Development,Software Engineering
Python Optimization,Software Engineering
Python Integration,Software Engineering
Python Testing,Software Engineering
Python Support,Software Engineering
Python Strategy,Software Engineering
Java (Beginner),Software Engineering
Java (Intermediate),Software Engineering
Java (Advanced),Software Engineering
Java (Expert),Software Engineering
Java Implementation,Software Engineering
Java Administration,Software Engineering
Java Analysis,Software Engineering
Java Design,Software Engineering
Java Development,Software Engineering
Java Optimization,Software Engineering
Java Integration,Software Engineering
Java Testing,Software Engineering
Java Support,Software Engineering
Java Strategy,Software Engineering
JavaScript (Beginner),Software Engineering
JavaScript (Intermediate),Software Engineering
JavaScript (Advanced),Software Engineering
JavaScript (Expert),Software Engineering
JavaScript Implementation,Software Engineering
JavaScript Administration,Software Engineering
JavaScript Analysis,Software Engineering
JavaScript Design,Software Engineering
JavaScript Development,Software Engineering
JavaScript Optimization,Software Engineering
JavaScript Integration,Software Engineering
JavaScript Testing,Software Engineering
JavaScript Support,Software Engineering
JavaScript Strategy,Software Engineering
TypeScript (Beginner),Software Engineering
TypeScript (Intermediate),Software Engineering
TypeScript (Advanced),Software Engineering
TypeScript (Expert),Software Engineering
TypeScript Implementation,Software Engineering
TypeScript Administration,Software Engineering
TypeScript Analysis,Software Engineering
TypeScript Design,Software Engineering
TypeScript Development,Software Engineering
TypeScript Optimization,Software Engineering
TypeScript Integration,Software Engineering
TypeScript Testing,Software Engineering
TypeScript Support,Software Engineering
TypeScript Strategy,Software Engineering
C (Beginner),Software Engineering
C (Intermediate),Software Engineering
C (Advanced),Software Engineering
C (Expert),Software Engineering
C Implementation,Software Engineering
C Administration,Software Engineering
C Analysis,Software Engineering
C Design,Software Engineering
C Development,Software Engineering
C Optimization,Software Engineering
C Integration,Software Engineering
C Testing,Software Engineering
C Support,Software Engineering
C Strategy,Software Engineering
C++ (Beginner),Software Engineering
C++ (Intermediate),Software Engineering
C++ (Advanced),Software Engineering
C++ (Expert),Software Engineering
C++ Implementation,Software Engineering
C++ Administration,Software Engineering
C++ Analysis,Software Engineering
C++ Design,Software Engineering
C++ Development,Software Engineering
C++ Optimization,Software Engineering
C++ Integration,Software Engineering
C++ Testing,Software Engineering
C++ Support,Software Engineering
C++ Strategy,Software Engineering
C# (Beginner),Software Engineering
C# (Intermediate),Software Engineering
C# (Advanced),Software Engineering
C# (Expert),Software Engineering
C# Implementation,Software Engineering
C# Administration,Software Engineering
C# Analysis,Software Engineering
C# Design,Software Engineering
C# Development,Software Engineering
C# Optimization,Software Engineering
C# Integration,Software Engineering
C# Testing,Software Engineering
C# Support,Software Engineering
C# Strategy,Software Engineering
Go (Beginner),Software Engineering
Go (Intermediate),Software Engineering
Go (Advanced),Software Engineering
Go (Expert),Software Engineering
Go Implementation,Software Engineering
Go Administration,Software Engineering
Go Analysis,Software Engineering
Go Design,Software Engineering
Go Development,Software Engineering
Go Optimization,Software Engineering
Go Integration,Software Engineering
Go Testing,Software Engineering
Go Support,Software Engineering
Go Strategy,Software Engineering
Rust (Beginner),Software Engineering
Rust (Intermediate),Software Engineering
Rust (Advanced),Software Engineering
Rust (Expert),Software Engineering
Rust Implementation,Software Engineering
Rust Administration,Software Engineering
Rust Analysis,Software Engineering
Rust Design,Software Engineering
Rust Development,Software Engineering
Rust Optimization,Software Engineering
Rust Integration,Software Engineering
Rust Testing,Software Engineering
Rust Support,Software Engineering
Rust Strategy,Software Engineering
PHP (Beginner),Software Engineering
PHP (Intermediate),Software Engineering
PHP (Advanced),Software Engineering
PHP (Expert),Software Engineering
PHP Implementation,Software Engineering
PHP Administration,Software Engineering
PHP Analysis,Software Engineering
PHP Design,Software Engineering
PHP Development,Software Engineering
PHP Optimization,Software Engineering
PHP Integration,Software Engineering
PHP Testing,Software Engineering
PHP Support,Software Engineering
PHP Strategy,Software Engineering
Ruby (Beginner),Software Engineering
Ruby (Intermediate),Software Engineering
Ruby (Advanced),Software Engineering
Ruby (Expert),Software Engineering
Ruby Implementation,Software Engineering
Ruby Administration,Software Engineering
Ruby Analysis,Software Engineering
Ruby Design,Software Engineering
Ruby Development,Software Engineering
Ruby Optimization,Software Engineering
Ruby Integration,Software Engineering
Ruby Testing,Software Engineering
Ruby Support,Software Engineering
Ruby Strategy,Software Engineering
Scala (Beginner),Software Engineering
Scala (Intermediate),Software Engineering
Scala (Advanced),Software Engineering
Scala (Expert),Software Engineering
Scala Implementation,Software Engineering
Scala Administration,Software Engineering
Scala Analysis,Software Engineering
Scala Design,Software Engineering
Scala Development,Software Engineering
Scala Optimization,Software Engineering
Scala Integration,Software Engineering
Scala Testing,Software Engineering
Scala Support,Software Engineering
Scala Strategy,Software Engineering
Kotlin (Beginner),Software Engineering
Kotlin (Intermediate),Software Engineering
Kotlin (Advanced),Software Engineering
Kotlin (Expert),Software Engineering
Kotlin Implementation,Software Engineering
Kotlin Administration,Software Engineering
Kotlin Analysis,Software Engineering
Kotlin Design,Software Engineering
Kotlin Development,Software Engineering
Kotlin Optimization,Software Engineering
Kotlin Integration,Software Engineering
Kotlin Testing,Software Engineering
Kotlin Support,Software Engineering
Kotlin Strategy,Software Engineering
Swift (Beginner),Software Engineering
Swift (Intermediate),Software Engineering
Swift (Advanced),Software Engineering
Swift (Expert),Software Engineering
Swift Implementation,Software Engineering
Swift Administration,Software Engineering
Swift Analysis,Software Engineering
Swift Design,Software Engineering
Swift Development,Software Engineering
Swift Optimization,Software Engineering
Swift Integration,Software Engineering
Swift Testing,Software Engineering
Swift Support,Software Engineering
Swift Strategy,Software Engineering
React (Beginner),Frontend
React (Intermediate),Frontend
React (Advanced),Frontend
React (Expert),Frontend
React Implementation,Frontend
React Administration,Frontend
React Analysis,Frontend
React Design,Frontend
React Development,Frontend
React Optimization,Frontend
React Integration,Frontend
React Testing,Frontend
React Support,Frontend
React Strategy,Frontend
Next.js (Beginner),Frontend
Next.js (Intermediate),Frontend
Next.js (Advanced),Frontend
Next.js (Expert),Frontend
Next.js Implementation,Frontend
Next.js Administration,Frontend
Next.js Analysis,Frontend
Next.js Design,Frontend
Next.js Development,Frontend
Next.js Optimization,Frontend
Next.js Integration,Frontend
Next.js Testing,Frontend
Next.js Support,Frontend
Next.js Strategy,Frontend
Angular (Beginner),Frontend
Angular (Intermediate),Frontend
Angular (Advanced),Frontend
Angular (Expert),Frontend
Angular Implementation,Frontend
Angular Administration,Frontend
Angular Analysis,Frontend
Angular Design,Frontend
Angular Development,Frontend
Angular Optimization,Frontend
Angular Integration,Frontend
Angular Testing,Frontend
Angular Support,Frontend
Angular Strategy,Frontend
Vue.js (Beginner),Frontend
Vue.js (Intermediate),Frontend
Vue.js (Advanced),Frontend
Vue.js (Expert),Frontend
Vue.js Implementation,Frontend
Vue.js Administration,Frontend
Vue.js Analysis,Frontend
Vue.js Design,Frontend
Vue.js Development,Frontend
Vue.js Optimization,Frontend
Vue.js Integration,Frontend
Vue.js Testing,Frontend
Vue.js Support,Frontend
Vue.js Strategy,Frontend
Svelte (Beginner),Frontend
Svelte (Intermediate),Frontend
Svelte (Advanced),Frontend
Svelte (Expert),Frontend
Svelte Implementation,Frontend
Svelte Administration,Frontend
Svelte Analysis,Frontend
Svelte Design,Frontend
Svelte Development,Frontend
Svelte Optimization,Frontend
Svelte Integration,Frontend
Svelte Testing,Frontend
Svelte Support,Frontend
Svelte Strategy,Frontend
HTML (Beginner),Frontend
HTML (Intermediate),Frontend
HTML (Advanced),Frontend
HTML (Expert),Frontend
HTML Implementation,Frontend
HTML Administration,Frontend
HTML Analysis,Frontend
HTML Design,Frontend
HTML Development,Frontend
HTML Optimization,Frontend
HTML Integration,Frontend
HTML Testing,Frontend
HTML Support,Frontend
HTML Strategy,Frontend
CSS (Beginner),Frontend
CSS (Intermediate),Frontend
CSS (Advanced),Frontend
CSS (Expert),Frontend
CSS Implementation,Frontend
CSS Administration,Frontend
CSS Analysis,Frontend
CSS Design,Frontend
CSS Development,Frontend
CSS Optimization,Frontend
CSS Integration,Frontend
CSS Testing,Frontend
CSS Support,Frontend
CSS Strategy,Frontend
Tailwind CSS (Beginner),Frontend
Tailwind CSS (Intermediate),Frontend
Tailwind CSS (Advanced),Frontend
Tailwind CSS (Expert),Frontend
Tailwind CSS Implementation,Frontend
Tailwind CSS Administration,Frontend
Tailwind CSS Analysis,Frontend
Tailwind CSS Design,Frontend
Tailwind CSS Development,Frontend
Tailwind CSS Optimization,Frontend
Tailwind CSS Integration,Frontend
Tailwind CSS Testing,Frontend
Tailwind CSS Support,Frontend
Tailwind CSS Strategy,Frontend
Bootstrap (Beginner),Frontend
Bootstrap (Intermediate),Frontend
Bootstrap (Advanced),Frontend
Bootstrap (Expert),Frontend
Bootstrap Implementation,Frontend
Bootstrap Administration,Frontend
Bootstrap Analysis,Frontend
Bootstrap Design,Frontend
Bootstrap Development,Frontend
Bootstrap Optimization,Frontend
Bootstrap Integration,Frontend
Bootstrap Testing,Frontend
Bootstrap Support,Frontend
Bootstrap Strategy,Frontend
Node.js (Beginner),Backend
Node.js (Intermediate),Backend
Node.js (Advanced),Backend
Node.js (Expert),Backend
Node.js Implementation,Backend
Node.js Administration,Backend
Node.js Analysis,Backend
Node.js Design,Backend
Node.js Development,Backend
Node.js Optimization,Backend
Node.js Integration,Backend
Node.js Testing,Backend
Node.js Support,Backend
Node.js Strategy,Backend
Express.js (Beginner),Backend
Express.js (Intermediate),Backend
Express.js (Advanced),Backend
Express.js (Expert),Backend
Express.js Implementation,Backend
Express.js Administration,Backend
Express.js Analysis,Backend
Express.js Design,Backend
Express.js Development,Backend
Express.js Optimization,Backend
Express.js Integration,Backend
Express.js Testing,Backend
Express.js Support,Backend
Express.js Strategy,Backend
Django (Beginner),Backend
Django (Intermediate),Backend
Django (Advanced),Backend
Django (Expert),Backend
Django Implementation,Backend
Django Administration,Backend
Django Analysis,Backend
Django Design,Backend
Django Development,Backend
Django Optimization,Backend
Django Integration,Backend
Django Testing,Backend
Django Support,Backend
Django Strategy,Backend
Flask (Beginner),Backend
Flask (Intermediate),Backend
Flask (Advanced),Backend
Flask (Expert),Backend
Flask Implementation,Backend
Flask Administration,Backend
Flask Analysis,Backend
Flask Design,Backend
Flask Development,Backend
Flask Optimization,Backend
Flask Integration,Backend
Flask Testing,Backend
Flask Support,Backend
Flask Strategy,Backend
FastAPI (Beginner),Backend
FastAPI (Intermediate),Backend
FastAPI (Advanced),Backend
FastAPI (Expert),Backend
FastAPI Implementation,Backend
FastAPI Administration,Backend
FastAPI Analysis,Backend
FastAPI Design,Backend
FastAPI Development,Backend
FastAPI Optimization,Backend
FastAPI Integration,Backend
FastAPI Testing,Backend
FastAPI Support,Backend
FastAPI Strategy,Backend
Spring Boot (Beginner),Backend
Spring Boot (Intermediate),Backend
Spring Boot (Advanced),Backend
Spring Boot (Expert),Backend
Spring Boot Implementation,Backend
Spring Boot Administration,Backend
Spring Boot Analysis,Backend
Spring Boot Design,Backend
Spring Boot Development,Backend
Spring Boot Optimization,Backend
Spring Boot Integration,Backend
Spring Boot Testing,Backend
Spring Boot Support,Backend
Spring Boot Strategy,Backend
ASP.NET (Beginner),Backend
ASP.NET (Intermediate),Backend
ASP.NET (Advanced),Backend
ASP.NET (Expert),Backend
ASP.NET Implementation,Backend
ASP.NET Administration,Backend
ASP.NET Analysis,Backend
ASP.NET Design,Backend
ASP.NET Development,Backend
ASP.NET Optimization,Backend
ASP.NET Integration,Backend
ASP.NET Testing,Backend
ASP.NET Support,Backend
ASP.NET Strategy,Backend
Laravel (Beginner),Backend
Laravel (Intermediate),Backend
Laravel (Advanced),Backend
Laravel (Expert),Backend
Laravel Implementation,Backend
Laravel Administration,Backend
Laravel Analysis,Backend
Laravel Design,Backend
Laravel Development,Backend
Laravel Optimization,Backend
Laravel Integration,Backend
Laravel Testing,Backend
Laravel Support,Backend
Laravel Strategy,Backend
MySQL (Beginner),Database
MySQL (Intermediate),Database
MySQL (Advanced),Database
MySQL (Expert),Database
MySQL Implementation,Database
MySQL Administration,Database
MySQL Analysis,Database
MySQL Design,Database
MySQL Development,Database
MySQL Optimization,Database
MySQL Integration,Database
MySQL Testing,Database
MySQL Support,Database
MySQL Strategy,Database
PostgreSQL (Beginner),Database
PostgreSQL (Intermediate),Database
PostgreSQL (Advanced),Database
PostgreSQL (Expert),Database
PostgreSQL Implementation,Database
PostgreSQL Administration,Database
PostgreSQL Analysis,Database
PostgreSQL Design,Database
PostgreSQL Development,Database
PostgreSQL Optimization,Database
PostgreSQL Integration,Database
PostgreSQL Testing,Database
PostgreSQL Support,Database
PostgreSQL Strategy,Database
MongoDB (Beginner),Database
MongoDB (Intermediate),Database
MongoDB (Advanced),Database
MongoDB (Expert),Database
MongoDB Implementation,Database
MongoDB Administration,Database
MongoDB Analysis,Database
MongoDB Design,Database
MongoDB Development,Database
MongoDB Optimization,Database
MongoDB Integration,Database
MongoDB Testing,Database
MongoDB Support,Database
MongoDB Strategy,Database
Redis (Beginner),Database
Redis (Intermediate),Database
Redis (Advanced),Database
Redis (Expert),Database
Redis Implementation,Database
Redis Administration,Database
Redis Analysis,Database
Redis Design,Database
Redis Development,Database
Redis Optimization,Database
Redis Integration,Database
Redis Testing,Database
Redis Support,Database
Redis Strategy,Database
Oracle (Beginner),Database
Oracle (Intermediate),Database
Oracle (Advanced),Database
Oracle (Expert),Database
Oracle Implementation,Database
Oracle Administration,Database
Oracle Analysis,Database
Oracle Design,Database
Oracle Development,Database
Oracle Optimization,Database
Oracle Integration,Database
Oracle Testing,Database
Oracle Support,Database
Oracle Strategy,Database
SQLite (Beginner),Database
SQLite (Intermediate),Database
SQLite (Advanced),Database
SQLite (Expert),Database
SQLite Implementation,Database
SQLite Administration,Database
SQLite Analysis,Database
SQLite Design,Database
SQLite Development,Database
SQLite Optimization,Database
SQLite Integration,Database
SQLite Testing,Database
SQLite Support,Database
SQLite Strategy,Database
Cassandra (Beginner),Database
Cassandra (Intermediate),Database
Cassandra (Advanced),Database
Cassandra (Expert),Database
Cassandra Implementation,Database
Cassandra Administration,Database
Cassandra Analysis,Database
Cassandra Design,Database
Cassandra Development,Database
Cassandra Optimization,Database
Cassandra Integration,Database
Cassandra Testing,Database
Cassandra Support,Database
Cassandra Strategy,Database
AWS (Beginner),Cloud
AWS (Intermediate),Cloud
AWS (Advanced),Cloud
AWS (Expert),Cloud
AWS Implementation,Cloud
AWS Administration,Cloud
AWS Analysis,Cloud
AWS Design,Cloud
AWS Development,Cloud
AWS Optimization,Cloud
AWS Integration,Cloud
AWS Testing,Cloud
AWS Support,Cloud
AWS Strategy,Cloud
Azure (Beginner),Cloud
Azure (Intermediate),Cloud
Azure (Advanced),Cloud
Azure (Expert),Cloud
Azure Implementation,Cloud
Azure Administration,Cloud
Azure Analysis,Cloud
Azure Design,Cloud
Azure Development,Cloud
Azure Optimization,Cloud
Azure Integration,Cloud
Azure Testing,Cloud
Azure Support,Cloud
Azure Strategy,Cloud
Google Cloud (Beginner),Cloud
Google Cloud (Intermediate),Cloud
Google Cloud (Advanced),Cloud
Google Cloud (Expert),Cloud
Google Cloud Implementation,Cloud
Google Cloud Administration,Cloud
Google Cloud Analysis,Cloud
Google Cloud Design,Cloud
Google Cloud Development,Cloud
Google Cloud Optimization,Cloud
Google Cloud Integration,Cloud
Google Cloud Testing,Cloud
Google Cloud Support,Cloud
Google Cloud Strategy,Cloud
EC2 (Beginner),Cloud
EC2 (Intermediate),Cloud
EC2 (Advanced),Cloud
EC2 (Expert),Cloud
EC2 Implementation,Cloud
EC2 Administration,Cloud
EC2 Analysis,Cloud
EC2 Design,Cloud
EC2 Development,Cloud
EC2 Optimization,Cloud
EC2 Integration,Cloud
EC2 Testing,Cloud
EC2 Support,Cloud
EC2 Strategy,Cloud
S3 (Beginner),Cloud
S3 (Intermediate),Cloud
S3 (Advanced),Cloud
S3 (Expert),Cloud
S3 Implementation,Cloud
S3 Administration,Cloud
S3 Analysis,Cloud
S3 Design,Cloud
S3 Development,Cloud
S3 Optimization,Cloud
S3 Integration,Cloud
S3 Testing,Cloud
S3 Support,Cloud
S3 Strategy,Cloud
Lambda (Beginner),Cloud
Lambda (Intermediate),Cloud
Lambda (Advanced),Cloud
Lambda (Expert),Cloud
Lambda Implementation,Cloud
Lambda Administration,Cloud
Lambda Analysis,Cloud
Lambda Design,Cloud
Lambda Development,Cloud
Lambda Optimization,Cloud
Lambda Integration,Cloud
Lambda Testing,Cloud
Lambda Support,Cloud
Lambda Strategy,Cloud
CloudFormation (Beginner),Cloud
CloudFormation (Intermediate),Cloud
CloudFormation (Advanced),Cloud
CloudFormation (Expert),Cloud
CloudFormation Implementation,Cloud
CloudFormation Administration,Cloud
CloudFormation Analysis,Cloud
CloudFormation Design,Cloud
CloudFormation Development,Cloud
CloudFormation Optimization,Cloud
CloudFormation Integration,Cloud
CloudFormation Testing,Cloud
CloudFormation Support,Cloud
CloudFormation Strategy,Cloud
Docker (Beginner),DevOps
Docker (Intermediate),DevOps
Docker (Advanced),DevOps
Docker (Expert),DevOps
Docker Implementation,DevOps
Docker Administration,DevOps
Docker Analysis,DevOps
Docker Design,DevOps
Docker Development,DevOps
Docker Optimization,DevOps
Docker Integration,DevOps
Docker Testing,DevOps
Docker Support,DevOps
Docker Strategy,DevOps
Kubernetes (Beginner),DevOps
Kubernetes (Intermediate),DevOps
Kubernetes (Advanced),DevOps
Kubernetes (Expert),DevOps
Kubernetes Implementation,DevOps
Kubernetes Administration,DevOps
Kubernetes Analysis,DevOps
Kubernetes Design,DevOps
Kubernetes Development,DevOps
Kubernetes Optimization,DevOps
Kubernetes Integration,DevOps
Kubernetes Testing,DevOps
Kubernetes Support,DevOps
Kubernetes Strategy,DevOps
Jenkins (Beginner),DevOps
Jenkins (Intermediate),DevOps
Jenkins (Advanced),DevOps
Jenkins (Expert),DevOps
Jenkins Implementation,DevOps
Jenkins Administration,DevOps
Jenkins Analysis,DevOps
Jenkins Design,DevOps
Jenkins Development,DevOps
Jenkins Optimization,DevOps
Jenkins Integration,DevOps
Jenkins Testing,DevOps
Jenkins Support,DevOps
Jenkins Strategy,DevOps
Terraform (Beginner),DevOps
Terraform (Intermediate),DevOps
Terraform (Advanced),DevOps
Terraform (Expert),DevOps
Terraform Implementation,DevOps
Terraform Administration,DevOps
Terraform Analysis,DevOps
Terraform Design,DevOps
Terraform Development,DevOps
Terraform Optimization,DevOps
Terraform Integration,DevOps
Terraform Testing,DevOps
Terraform Support,DevOps
Terraform Strategy,DevOps
Ansible (Beginner),DevOps
Ansible (Intermediate),DevOps
Ansible (Advanced),DevOps
Ansible (Expert),DevOps
Ansible Implementation,DevOps
Ansible Administration,DevOps
Ansible Analysis,DevOps
Ansible Design,DevOps
Ansible Development,DevOps
Ansible Optimization,DevOps
Ansible Integration,DevOps
Ansible Testing,DevOps
Ansible Support,DevOps
Ansible Strategy,DevOps
GitHub Actions (Beginner),DevOps
GitHub Actions (Intermediate),DevOps
GitHub Actions (Advanced),DevOps
GitHub Actions (Expert),DevOps
GitHub Actions Implementation,DevOps
GitHub Actions Administration,DevOps
GitHub Actions Analysis,DevOps
GitHub Actions Design,DevOps
GitHub Actions Development,DevOps
GitHub Actions Optimization,DevOps
GitHub Actions Integration,DevOps
GitHub Actions Testing,DevOps
GitHub Actions Support,DevOps
GitHub Actions Strategy,DevOps
TensorFlow (Beginner),AI/ML
TensorFlow (Intermediate),AI/ML
TensorFlow (Advanced),AI/ML
TensorFlow (Expert),AI/ML
TensorFlow Implementation,AI/ML
TensorFlow Administration,AI/ML
TensorFlow Analysis,AI/ML
TensorFlow Design,AI/ML
TensorFlow Development,AI/ML
TensorFlow Optimization,AI/ML
TensorFlow Integration,AI/ML
TensorFlow Testing,AI/ML
TensorFlow Support,AI/ML
TensorFlow Strategy,AI/ML
PyTorch (Beginner),AI/ML
PyTorch (Intermediate),AI/ML
PyTorch (Advanced),AI/ML
PyTorch (Expert),AI/ML
PyTorch Implementation,AI/ML
PyTorch Administration,AI/ML
PyTorch Analysis,AI/ML
PyTorch Design,AI/ML
PyTorch Development,AI/ML
PyTorch Optimization,AI/ML
PyTorch Integration,AI/ML
PyTorch Testing,AI/ML
PyTorch Support,AI/ML
PyTorch Strategy,AI/ML
Scikit-learn (Beginner),AI/ML
Scikit-learn (Intermediate),AI/ML
Scikit-learn (Advanced),AI/ML
Scikit-learn (Expert),AI/ML
Scikit-learn Implementation,AI/ML
Scikit-learn Administration,AI/ML
Scikit-learn Analysis,AI/ML
Scikit-learn Design,AI/ML
Scikit-learn Development,AI/ML
Scikit-learn Optimization,AI/ML
Scikit-learn Integration,AI/ML
Scikit-learn Testing,AI/ML
Scikit-learn Support,AI/ML
Scikit-learn Strategy,AI/ML
NLP (Beginner),AI/ML
NLP (Intermediate),AI/ML
NLP (Advanced),AI/ML
NLP (Expert),AI/ML
NLP Implementation,AI/ML
NLP Administration,AI/ML
NLP Analysis,AI/ML
NLP Design,AI/ML
NLP Development,AI/ML
NLP Optimization,AI/ML
NLP Integration,AI/ML
NLP Testing,AI/ML
NLP Support,AI/ML
NLP Strategy,AI/ML
Computer Vision (Beginner),AI/ML
Computer Vision (Intermediate),AI/ML
Computer Vision (Advanced),AI/ML
Computer Vision (Expert),AI/ML
Computer Vision Implementation,AI/ML
Computer Vision Administration,AI/ML
Computer Vision Analysis,AI/ML
Computer Vision Design,AI/ML
Computer Vision Development,AI/ML
Computer Vision Optimization,AI/ML
Computer Vision Integration,AI/ML
Computer Vision Testing,AI/ML
Computer Vision Support,AI/ML
Computer Vision Strategy,AI/ML
Generative AI (Beginner),AI/ML
Generative AI (Intermediate),AI/ML
Generative AI (Advanced),AI/ML
Generative AI (Expert),AI/ML
Generative AI Implementation,AI/ML
Generative AI Administration,AI/ML
Generative AI Analysis,AI/ML
Generative AI Design,AI/ML
Generative AI Development,AI/ML
Generative AI Optimization,AI/ML
Generative AI Integration,AI/ML
Generative AI Testing,AI/ML
Generative AI Support,AI/ML
Generative AI Strategy,AI/ML
Pandas (Beginner),Data Science
Pandas (Intermediate),Data Science
Pandas (Advanced),Data Science
Pandas (Expert),Data Science
Pandas Implementation,Data Science
Pandas Administration,Data Science
Pandas Analysis,Data Science
Pandas Design,Data Science
Pandas Development,Data Science
Pandas Optimization,Data Science
Pandas Integration,Data Science
Pandas Testing,Data Science
Pandas Support,Data Science
Pandas Strategy,Data Science
NumPy (Beginner),Data Science
NumPy (Intermediate),Data Science
NumPy (Advanced),Data Science
NumPy (Expert),Data Science
NumPy Implementation,Data Science
NumPy Administration,Data Science
NumPy Analysis,Data Science
NumPy Design,Data Science
NumPy Development,Data Science
NumPy Optimization,Data Science
NumPy Integration,Data Science
NumPy Testing,Data Science
NumPy Support,Data Science
NumPy Strategy,Data Science
Matplotlib (Beginner),Data Science
Matplotlib (Intermediate),Data Science
Matplotlib (Advanced),Data Science
Matplotlib (Expert),Data Science
Matplotlib Implementation,Data Science
Matplotlib Administration,Data Science
Matplotlib Analysis,Data Science
Matplotlib Design,Data Science
Matplotlib Development,Data Science
Matplotlib Optimization,Data Science
Matplotlib Integration,Data Science
Matplotlib Testing,Data Science
Matplotlib Support,Data Science
Matplotlib Strategy,Data Science
Statistics (Beginner),Data Science
Statistics (Intermediate),Data Science
Statistics (Advanced),Data Science
Statistics (Expert),Data Science
Statistics Implementation,Data Science
Statistics Administration,Data Science
Statistics Analysis,Data Science
Statistics Design,Data Science
Statistics Development,Data Science
Statistics Optimization,Data Science
Statistics Integration,Data Science
Statistics Testing,Data Science
Statistics Support,Data Science
Statistics Strategy,Data Science
Data Visualization (Beginner),Data Science
Data Visualization (Intermediate),Data Science
Data Visualization (Advanced),Data Science
Data Visualization (Expert),Data Science
Data Visualization Implementation,Data Science
Data Visualization Administration,Data Science
Data Visualization Analysis,Data Science
Data Visualization Design,Data Science
Data Visualization Development,Data Science
Data Visualization Optimization,Data Science
Data Visualization Integration,Data Science
Data Visualization Testing,Data Science
Data Visualization Support,Data Science
Data Visualization Strategy,Data Science
Penetration Testing (Beginner),Cybersecurity
Penetration Testing (Intermediate),Cybersecurity
Penetration Testing (Advanced),Cybersecurity
Penetration Testing (Expert),Cybersecurity
Penetration Testing Implementation,Cybersecurity
Penetration Testing Administration,Cybersecurity
Penetration Testing Analysis,Cybersecurity
Penetration Testing Design,Cybersecurity
Penetration Testing Development,Cybersecurity
Penetration Testing Optimization,Cybersecurity
Penetration Testing Integration,Cybersecurity
Penetration Testing Testing,Cybersecurity
Penetration Testing Support,Cybersecurity
Penetration Testing Strategy,Cybersecurity
Network Security (Beginner),Cybersecurity
Network Security (Intermediate),Cybersecurity
Network Security (Advanced),Cybersecurity
Network Security (Expert),Cybersecurity
Network Security Implementation,Cybersecurity
Network Security Administration,Cybersecurity
Network Security Analysis,Cybersecurity
Network Security Design,Cybersecurity
Network Security Development,Cybersecurity
Network Security Optimization,Cybersecurity
Network Security Integration,Cybersecurity
Network Security Testing,Cybersecurity
Network Security Support,Cybersecurity
Network Security Strategy,Cybersecurity
OWASP (Beginner),Cybersecurity
OWASP (Intermediate),Cybersecurity
OWASP (Advanced),Cybersecurity
OWASP (Expert),Cybersecurity
OWASP Implementation,Cybersecurity
OWASP Administration,Cybersecurity
OWASP Analysis,Cybersecurity
OWASP Design,Cybersecurity
OWASP Development,Cybersecurity
OWASP Optimization,Cybersecurity
OWASP Integration,Cybersecurity
OWASP Testing,Cybersecurity
OWASP Support,Cybersecurity
OWASP Strategy,Cybersecurity
SIEM (Beginner),Cybersecurity
SIEM (Intermediate),Cybersecurity
SIEM (Advanced),Cybersecurity
SIEM (Expert),Cybersecurity
SIEM Implementation,Cybersecurity
SIEM Administration,Cybersecurity
SIEM Analysis,Cybersecurity
SIEM Design,Cybersecurity
SIEM Development,Cybersecurity
SIEM Optimization,Cybersecurity
SIEM Integration,Cybersecurity
SIEM Testing,Cybersecurity
SIEM Support,Cybersecurity
SIEM Strategy,Cybersecurity
Threat Hunting (Beginner),Cybersecurity
Threat Hunting (Intermediate),Cybersecurity
Threat Hunting (Advanced),Cybersecurity
Threat Hunting (Expert),Cybersecurity
Threat Hunting Implementation,Cybersecurity
Threat Hunting Administration,Cybersecurity
Threat Hunting Analysis,Cybersecurity
Threat Hunting Design,Cybersecurity
Threat Hunting Development,Cybersecurity
Threat Hunting Optimization,Cybersecurity
Threat Hunting Integration,Cybersecurity
Threat Hunting Testing,Cybersecurity
Threat Hunting Support,Cybersecurity
Threat Hunting Strategy,Cybersecurity
TCP/IP (Beginner),Networking
TCP/IP (Intermediate),Networking
TCP/IP (Advanced),Networking
TCP/IP (Expert),Networking
TCP/IP Implementation,Networking
TCP/IP Administration,Networking
TCP/IP Analysis,Networking
TCP/IP Design,Networking
TCP/IP Development,Networking
TCP/IP Optimization,Networking
TCP/IP Integration,Networking
TCP/IP Testing,Networking
TCP/IP Support,Networking
TCP/IP Strategy,Networking
DNS (Beginner),Networking
DNS (Intermediate),Networking
DNS (Advanced),Networking
DNS (Expert),Networking
DNS Implementation,Networking
DNS Administration,Networking
DNS Analysis,Networking
DNS Design,Networking
DNS Development,Networking
DNS Optimization,Networking
DNS Integration,Networking
DNS Testing,Networking
DNS Support,Networking
DNS Strategy,Networking
DHCP (Beginner),Networking
DHCP (Intermediate),Networking
DHCP (Advanced),Networking
DHCP (Expert),Networking
DHCP Implementation,Networking
DHCP Administration,Networking
DHCP Analysis,Networking
DHCP Design,Networking
DHCP Development,Networking
DHCP Optimization,Networking
DHCP Integration,Networking
DHCP Testing,Networking
DHCP Support,Networking
DHCP Strategy,Networking
Routing (Beginner),Networking
Routing (Intermediate),Networking
Routing (Advanced),Networking
Routing (Expert),Networking
Routing Implementation,Networking
Routing Administration,Networking
Routing Analysis,Networking
Routing Design,Networking
Routing Development,Networking
Routing Optimization,Networking
Routing Integration,Networking
Routing Testing,Networking
Routing Support,Networking
Routing Strategy,Networking
Switching (Beginner),Networking
Switching (Intermediate),Networking
Switching (Advanced),Networking
Switching (Expert),Networking
Switching Implementation,Networking
Switching Administration,Networking
Switching Analysis,Networking
Switching Design,Networking
Switching Development,Networking
Switching Optimization,Networking
Switching Integration,Networking
Switching Testing,Networking
Switching Support,Networking
Switching Strategy,Networking
Financial Analysis (Beginner),Finance
Financial Analysis (Intermediate),Finance
Financial Analysis (Advanced),Finance
Financial Analysis (Expert),Finance
Financial Analysis Implementation,Finance
Financial Analysis Administration,Finance
Financial Analysis Analysis,Finance
Financial Analysis Design,Finance
Financial Analysis Development,Finance
Financial Analysis Optimization,Finance
Financial Analysis Integration,Finance
Financial Analysis Testing,Finance
Financial Analysis Support,Finance
Financial Analysis Strategy,Finance
Budgeting (Beginner),Finance
Budgeting (Intermediate),Finance
Budgeting (Advanced),Finance
Budgeting (Expert),Finance
Budgeting Implementation,Finance
Budgeting Administration,Finance
Budgeting Analysis,Finance
Budgeting Design,Finance
Budgeting Development,Finance
Budgeting Optimization,Finance
Budgeting Integration,Finance
Budgeting Testing,Finance
Budgeting Support,Finance
Budgeting Strategy,Finance
Forecasting (Beginner),Finance
Forecasting (Intermediate),Finance
Forecasting (Advanced),Finance
Forecasting (Expert),Finance
Forecasting Implementation,Finance
Forecasting Administration,Finance
Forecasting Analysis,Finance
Forecasting Design,Finance
Forecasting Development,Finance
Forecasting Optimization,Finance
Forecasting Integration,Finance
Forecasting Testing,Finance
Forecasting Support,Finance
Forecasting Strategy,Finance
Risk Management (Beginner),Finance
Risk Management (Intermediate),Finance
Risk Management (Advanced),Finance
Risk Management (Expert),Finance
Risk Management Implementation,Finance
Risk Management Administration,Finance
Risk Management Analysis,Finance
Risk Management Design,Finance
Risk Management Development,Finance
Risk Management Optimization,Finance
Risk Management Integration,Finance
Risk Management Testing,Finance
Risk Management Support,Finance
Risk Management Strategy,Finance
Auditing (Beginner),Finance
Auditing (Intermediate),Finance
Auditing (Advanced),Finance
Auditing (Expert),Finance
Auditing Implementation,Finance
Auditing Administration,Finance
Auditing Analysis,Finance
Auditing Design,Finance
Auditing Development,Finance
Auditing Optimization,Finance
Auditing Integration,Finance
Auditing Testing,Finance
Auditing Support,Finance
Auditing Strategy,Finance
Bookkeeping (Beginner),Accounting
Bookkeeping (Intermediate),Accounting
Bookkeeping (Advanced),Accounting
Bookkeeping (Expert),Accounting
Bookkeeping Implementation,Accounting
Bookkeeping Administration,Accounting
Bookkeeping Analysis,Accounting
Bookkeeping Design,Accounting
Bookkeeping Development,Accounting
Bookkeeping Optimization,Accounting
Bookkeeping Integration,Accounting
Bookkeeping Testing,Accounting
Bookkeeping Support,Accounting
Bookkeeping Strategy,Accounting
Tax Preparation (Beginner),Accounting
Tax Preparation (Intermediate),Accounting
Tax Preparation (Advanced),Accounting
Tax Preparation (Expert),Accounting
Tax Preparation Implementation,Accounting
Tax Preparation Administration,Accounting
Tax Preparation Analysis,Accounting
Tax Preparation Design,Accounting
Tax Preparation Development,Accounting
Tax Preparation Optimization,Accounting
Tax Preparation Integration,Accounting
Tax Preparation Testing,Accounting
Tax Preparation Support,Accounting
Tax Preparation Strategy,Accounting
Accounts Payable (Beginner),Accounting
Accounts Payable (Intermediate),Accounting
Accounts Payable (Advanced),Accounting
Accounts Payable (Expert),Accounting
Accounts Payable Implementation,Accounting
Accounts Payable Administration,Accounting
Accounts Payable Analysis,Accounting
Accounts Payable Design,Accounting
Accounts Payable Development,Accounting
Accounts Payable Optimization,Accounting
Accounts Payable Integration,Accounting
Accounts Payable Testing,Accounting
Accounts Payable Support,Accounting
Accounts Payable Strategy,Accounting
Accounts Receivable (Beginner),Accounting
Accounts Receivable (Intermediate),Accounting
Accounts Receivable (Advanced),Accounting
Accounts Receivable (Expert),Accounting
Accounts Receivable Implementation,Accounting
Accounts Receivable Administration,Accounting
Accounts Receivable Analysis,Accounting
Accounts Receivable Design,Accounting
Accounts Receivable Development,Accounting
Accounts Receivable Optimization,Accounting
Accounts Receivable Integration,Accounting
Accounts Receivable Testing,Accounting
Accounts Receivable Support,Accounting
Accounts Receivable Strategy,Accounting
Market Research (Beginner),Commerce
Market Research (Intermediate),Commerce
Market Research (Advanced),Commerce
Market Research (Expert),Commerce
Market Research Implementation,Commerce
Market Research Administration,Commerce
Market Research Analysis,Commerce
Market Research Design,Commerce
Market Research Development,Commerce
Market Research Optimization,Commerce
Market Research Integration,Commerce
Market Research Testing,Commerce
Market Research Support,Commerce
Market Research Strategy,Commerce
Business Development (Beginner),Commerce
Business Development (Intermediate),Commerce
Business Development (Advanced),Commerce
Business Development (Expert),Commerce
Business Development Implementation,Commerce
Business Development Administration,Commerce
Business Development Analysis,Commerce
Business Development Design,Commerce
Business Development Development,Commerce
Business Development Optimization,Commerce
Business Development Integration,Commerce
Business Development Testing,Commerce
Business Development Support,Commerce
Business Development Strategy,Commerce
Procurement (Beginner),Commerce
Procurement (Intermediate),Commerce
Procurement (Advanced),Commerce
Procurement (Expert),Commerce
Procurement Implementation,Commerce
Procurement Administration,Commerce
Procurement Analysis,Commerce
Procurement Design,Commerce
Procurement Development,Commerce
Procurement Optimization,Commerce
Procurement Integration,Commerce
Procurement Testing,Commerce
Procurement Support,Commerce
Procurement Strategy,Commerce
Vendor Management (Beginner),Commerce
Vendor Management (Intermediate),Commerce
Vendor Management (Advanced),Commerce
Vendor Management (Expert),Commerce
Vendor Management Implementation,Commerce
Vendor Management Administration,Commerce
Vendor Management Analysis,Commerce
Vendor Management Design,Commerce
Vendor Management Development,Commerce
Vendor Management Optimization,Commerce
Vendor Management Integration,Commerce
Vendor Management Testing,Commerce
Vendor Management Support,Commerce
Vendor Management Strategy,Commerce
Strategy Consulting (Beginner),Consulting
Strategy Consulting (Intermediate),Consulting
Strategy Consulting (Advanced),Consulting
Strategy Consulting (Expert),Consulting
Strategy Consulting Implementation,Consulting
Strategy Consulting Administration,Consulting
Strategy Consulting Analysis,Consulting
Strategy Consulting Design,Consulting
Strategy Consulting Development,Consulting
Strategy Consulting Optimization,Consulting
Strategy Consulting Integration,Consulting
Strategy Consulting Testing,Consulting
Strategy Consulting Support,Consulting
Strategy Consulting Strategy,Consulting
Business Transformation (Beginner),Consulting
Business Transformation (Intermediate),Consulting
Business Transformation (Advanced),Consulting
Business Transformation (Expert),Consulting
Business Transformation Implementation,Consulting
Business Transformation Administration,Consulting
Business Transformation Analysis,Consulting
Business Transformation Design,Consulting
Business Transformation Development,Consulting
Business Transformation Optimization,Consulting
Business Transformation Integration,Consulting
Business Transformation Testing,Consulting
Business Transformation Support,Consulting
Business Transformation Strategy,Consulting
Process Improvement (Beginner),Consulting
Process Improvement (Intermediate),Consulting
Process Improvement (Advanced),Consulting
Process Improvement (Expert),Consulting
Process Improvement Implementation,Consulting
Process Improvement Administration,Consulting
Process Improvement Analysis,Consulting
Process Improvement Design,Consulting
Process Improvement Development,Consulting
Process Improvement Optimization,Consulting
Process Improvement Integration,Consulting
Process Improvement Testing,Consulting
Process Improvement Support,Consulting
Process Improvement Strategy,Consulting
Stakeholder Management (Beginner),Consulting
Stakeholder Management (Intermediate),Consulting
Stakeholder Management (Advanced),Consulting
Stakeholder Management (Expert),Consulting
Stakeholder Management Implementation,Consulting
Stakeholder Management Administration,Consulting
Stakeholder Management Analysis,Consulting
Stakeholder Management Design,Consulting
Stakeholder Management Development,Consulting
Stakeholder Management Optimization,Consulting
Stakeholder Management Integration,Consulting
Stakeholder Management Testing,Consulting
Stakeholder Management Support,Consulting
Stakeholder Management Strategy,Consulting
SEO (Beginner),Marketing
SEO (Intermediate),Marketing
SEO (Advanced),Marketing
SEO (Expert),Marketing
SEO Implementation,Marketing
SEO Administration,Marketing
SEO Analysis,Marketing
SEO Design,Marketing
SEO Development,Marketing
SEO Optimization,Marketing
SEO Integration,Marketing
SEO Testing,Marketing
SEO Support,Marketing
SEO Strategy,Marketing
SEM (Beginner),Marketing
SEM (Intermediate),Marketing
SEM (Advanced),Marketing
SEM (Expert),Marketing
SEM Implementation,Marketing
SEM Administration,Marketing
SEM Analysis,Marketing
SEM Design,Marketing
SEM Development,Marketing
SEM Optimization,Marketing
SEM Integration,Marketing
SEM Testing,Marketing
SEM Support,Marketing
SEM Strategy,Marketing
Content Marketing (Beginner),Marketing
Content Marketing (Intermediate),Marketing
Content Marketing (Advanced),Marketing
Content Marketing (Expert),Marketing
Content Marketing Implementation,Marketing
Content Marketing Administration,Marketing
Content Marketing Analysis,Marketing
Content Marketing Design,Marketing
Content Marketing Development,Marketing
Content Marketing Optimization,Marketing
Content Marketing Integration,Marketing
Content Marketing Testing,Marketing
Content Marketing Support,Marketing
Content Marketing Strategy,Marketing
Email Marketing (Beginner),Marketing
Email Marketing (Intermediate),Marketing
Email Marketing (Advanced),Marketing
Email Marketing (Expert),Marketing
Email Marketing Implementation,Marketing
Email Marketing Administration,Marketing
Email Marketing Analysis,Marketing
Email Marketing Design,Marketing
Email Marketing Development,Marketing
Email Marketing Optimization,Marketing
Email Marketing Integration,Marketing
Email Marketing Testing,Marketing
Email Marketing Support,Marketing
Email Marketing Strategy,Marketing
Brand Management (Beginner),Marketing
Brand Management (Intermediate),Marketing
Brand Management (Advanced),Marketing
Brand Management (Expert),Marketing
Brand Management Implementation,Marketing
Brand Management Administration,Marketing
Brand Management Analysis,Marketing
Brand Management Design,Marketing
Brand Management Development,Marketing
Brand Management Optimization,Marketing
Brand Management Integration,Marketing
Brand Management Testing,Marketing
Brand Management Support,Marketing
Brand Management Strategy,Marketing
Lead Generation (Beginner),Sales
Lead Generation (Intermediate),Sales
Lead Generation (Advanced),Sales
Lead Generation (Expert),Sales
Lead Generation Implementation,Sales
Lead Generation Administration,Sales
Lead Generation Analysis,Sales
Lead Generation Design,Sales
Lead Generation Development,Sales
Lead Generation Optimization,Sales
Lead Generation Integration,Sales
Lead Generation Testing,Sales
Lead Generation Support,Sales
Lead Generation Strategy,Sales
Negotiation (Beginner),Sales
Negotiation (Intermediate),Sales
Negotiation (Advanced),Sales
Negotiation (Expert),Sales
Negotiation Implementation,Sales
Negotiation Administration,Sales
Negotiation Analysis,Sales
Negotiation Design,Sales
Negotiation Development,Sales
Negotiation Optimization,Sales
Negotiation Integration,Sales
Negotiation Testing,Sales
Negotiation Support,Sales
Negotiation Strategy,Sales
CRM (Beginner),Sales
CRM (Intermediate),Sales
CRM (Advanced),Sales
CRM (Expert),Sales
CRM Implementation,Sales
CRM Administration,Sales
CRM Analysis,Sales
CRM Design,Sales
CRM Development,Sales
CRM Optimization,Sales
CRM Integration,Sales
CRM Testing,Sales
CRM Support,Sales
CRM Strategy,Sales
Account Management (Beginner),Sales
Account Management (Intermediate),Sales
Account Management (Advanced),Sales
Account Management (Expert),Sales
Account Management Implementation,Sales
Account Management Administration,Sales
Account Management Analysis,Sales
Account Management Design,Sales
Account Management Development,Sales
Account Management Optimization,Sales
Account Management Integration,Sales
Account Management Testing,Sales
Account Management Support,Sales
Account Management Strategy,Sales
Recruitment (Beginner),HR
Recruitment (Intermediate),HR
Recruitment (Advanced),HR
Recruitment (Expert),HR
Recruitment Implementation,HR
Recruitment Administration,HR
Recruitment Analysis,HR
Recruitment Design,HR
Recruitment Development,HR
Recruitment Optimization,HR
Recruitment Integration,HR
Recruitment Testing,HR
Recruitment Support,HR
Recruitment Strategy,HR
Talent Acquisition (Beginner),HR
Talent Acquisition (Intermediate),HR
Talent Acquisition (Advanced),HR
Talent Acquisition (Expert),HR
Talent Acquisition Implementation,HR
Talent Acquisition Administration,HR
Talent Acquisition Analysis,HR
Talent Acquisition Design,HR
Talent Acquisition Development,HR
Talent Acquisition Optimization,HR
Talent Acquisition Integration,HR
Talent Acquisition Testing,HR
Talent Acquisition Support,HR
Talent Acquisition Strategy,HR
Performance Management (Beginner),HR
Performance Management (Intermediate),HR
Performance Management (Advanced),HR
Performance Management (Expert),HR
Performance Management Implementation,HR
Performance Management Administration,HR
Performance Management Analysis,HR
Performance Management Design,HR
Performance Management Development,HR
Performance Management Optimization,HR
Performance Management Integration,HR
Performance Management Testing,HR
Performance Management Support,HR
Performance Management Strategy,HR
Employee Relations (Beginner),HR
Employee Relations (Intermediate),HR
Employee Relations (Advanced),HR
Employee Relations (Expert),HR
Employee Relations Implementation,HR
Employee Relations Administration,HR
Employee Relations Analysis,HR
Employee Relations Design,HR
Employee Relations Development,HR
Employee Relations Optimization,HR
Employee Relations Integration,HR
Employee Relations Testing,HR
Employee Relations Support,HR
Employee Relations Strategy,HR
Operations Management (Beginner),Operations
Operations Management (Intermediate),Operations
Operations Management (Advanced),Operations
Operations Management (Expert),Operations
Operations Management Implementation,Operations
Operations Management Administration,Operations
Operations Management Analysis,Operations
Operations Management Design,Operations
Operations Management Development,Operations
Operations Management Optimization,Operations
Operations Management Integration,Operations
Operations Management Testing,Operations
Operations Management Support,Operations
Operations Management Strategy,Operations
Quality Assurance (Beginner),Operations
Quality Assurance (Intermediate),Operations
Quality Assurance (Advanced),Operations
Quality Assurance (Expert),Operations
Quality Assurance Implementation,Operations
Quality Assurance Administration,Operations
Quality Assurance Analysis,Operations
Quality Assurance Design,Operations
Quality Assurance Development,Operations
Quality Assurance Optimization,Operations
Quality Assurance Integration,Operations
Quality Assurance Testing,Operations
Quality Assurance Support,Operations
Quality Assurance Strategy,Operations
Lean Management (Beginner),Operations
Lean Management (Intermediate),Operations
Lean Management (Advanced),Operations
Lean Management (Expert),Operations
Lean Management Implementation,Operations
Lean Management Administration,Operations
Lean Management Analysis,Operations
Lean Management Design,Operations
Lean Management Development,Operations
Lean Management Optimization,Operations
Lean Management Integration,Operations
Lean Management Testing,Operations
Lean Management Support,Operations
Lean Management Strategy,Operations
Six Sigma (Beginner),Operations
Six Sigma (Intermediate),Operations
Six Sigma (Advanced),Operations
Six Sigma (Expert),Operations
Six Sigma Implementation,Operations
Six Sigma Administration,Operations
Six Sigma Analysis,Operations
Six Sigma Design,Operations
Six Sigma Development,Operations
Six Sigma Optimization,Operations
Six Sigma Integration,Operations
Six Sigma Testing,Operations
Six Sigma Support,Operations
Six Sigma Strategy,Operations
Inventory Management (Beginner),Supply Chain
Inventory Management (Intermediate),Supply Chain
Inventory Management (Advanced),Supply Chain
Inventory Management (Expert),Supply Chain
Inventory Management Implementation,Supply Chain
Inventory Management Administration,Supply Chain
Inventory Management Analysis,Supply Chain
Inventory Management Design,Supply Chain
Inventory Management Development,Supply Chain
Inventory Management Optimization,Supply Chain
Inventory Management Integration,Supply Chain
Inventory Management Testing,Supply Chain
Inventory Management Support,Supply Chain
Inventory Management Strategy,Supply Chain
Demand Planning (Beginner),Supply Chain
Demand Planning (Intermediate),Supply Chain
Demand Planning (Advanced),Supply Chain
Demand Planning (Expert),Supply Chain
Demand Planning Implementation,Supply Chain
Demand Planning Administration,Supply Chain
Demand Planning Analysis,Supply Chain
Demand Planning Design,Supply Chain
Demand Planning Development,Supply Chain
Demand Planning Optimization,Supply Chain
Demand Planning Integration,Supply Chain
Demand Planning Testing,Supply Chain
Demand Planning Support,Supply Chain
Demand Planning Strategy,Supply Chain
Logistics (Beginner),Supply Chain
Logistics (Intermediate),Supply Chain
Logistics (Advanced),Supply Chain
Logistics (Expert),Supply Chain
Logistics Implementation,Supply Chain
Logistics Administration,Supply Chain
Logistics Analysis,Supply Chain
Logistics Design,Supply Chain
Logistics Development,Supply Chain
Logistics Optimization,Supply Chain
Logistics Integration,Supply Chain
Logistics Testing,Supply Chain
Logistics Support,Supply Chain
Logistics Strategy,Supply Chain
Warehouse Management (Beginner),Supply Chain
Warehouse Management (Intermediate),Supply Chain
Warehouse Management (Advanced),Supply Chain
Warehouse Management (Expert),Supply Chain
Warehouse Management Implementation,Supply Chain
Warehouse Management Administration,Supply Chain
Warehouse Management Analysis,Supply Chain
Warehouse Management Design,Supply Chain
Warehouse Management Development,Supply Chain
Warehouse Management Optimization,Supply Chain
Warehouse Management Integration,Supply Chain
Warehouse Management Testing,Supply Chain
Warehouse Management Support,Supply Chain
Warehouse Management Strategy,Supply Chain
Clinical Research (Beginner),Healthcare
Clinical Research (Intermediate),Healthcare
Clinical Research (Advanced),Healthcare
Clinical Research (Expert),Healthcare
Clinical Research Implementation,Healthcare
Clinical Research Administration,Healthcare
Clinical Research Analysis,Healthcare
Clinical Research Design,Healthcare
Clinical Research Development,Healthcare
Clinical Research Optimization,Healthcare
Clinical Research Integration,Healthcare
Clinical Research Testing,Healthcare
Clinical Research Support,Healthcare
Clinical Research Strategy,Healthcare
Patient Care (Beginner),Healthcare
Patient Care (Intermediate),Healthcare
Patient Care (Advanced),Healthcare
Patient Care (Expert),Healthcare
Patient Care Implementation,Healthcare
Patient Care Administration,Healthcare
Patient Care Analysis,Healthcare
Patient Care Design,Healthcare
Patient Care Development,Healthcare
Patient Care Optimization,Healthcare
Patient Care Integration,Healthcare
Patient Care Testing,Healthcare
Patient Care Support,Healthcare
Patient Care Strategy,Healthcare
Medical Coding (Beginner),Healthcare
Medical Coding (Intermediate),Healthcare
Medical Coding (Advanced),Healthcare
Medical Coding (Expert),Healthcare
Medical Coding Implementation,Healthcare
Medical Coding Administration,Healthcare
Medical Coding Analysis,Healthcare
Medical Coding Design,Healthcare
Medical Coding Development,Healthcare
Medical Coding Optimization,Healthcare
Medical Coding Integration,Healthcare
Medical Coding Testing,Healthcare
Medical Coding Support,Healthcare
Medical Coding Strategy,Healthcare
Healthcare Compliance (Beginner),Healthcare
Healthcare Compliance (Intermediate),Healthcare
Healthcare Compliance (Advanced),Healthcare
Healthcare Compliance (Expert),Healthcare
Healthcare Compliance Implementation,Healthcare
Healthcare Compliance Administration,Healthcare
Healthcare Compliance Analysis,Healthcare
Healthcare Compliance Design,Healthcare
Healthcare Compliance Development,Healthcare
Healthcare Compliance Optimization,Healthcare
Healthcare Compliance Integration,Healthcare
Healthcare Compliance Testing,Healthcare
Healthcare Compliance Support,Healthcare
Healthcare Compliance Strategy,Healthcare
Contract Review (Beginner),Legal
Contract Review (Intermediate),Legal
Contract Review (Advanced),Legal
Contract Review (Expert),Legal
Contract Review Implementation,Legal
Contract Review Administration,Legal
Contract Review Analysis,Legal
Contract Review Design,Legal
Contract Review Development,Legal
Contract Review Optimization,Legal
Contract Review Integration,Legal
Contract Review Testing,Legal
Contract Review Support,Legal
Contract Review Strategy,Legal
Legal Research (Beginner),Legal
Legal Research (Intermediate),Legal
Legal Research (Advanced),Legal
Legal Research (Expert),Legal
Legal Research Implementation,Legal
Legal Research Administration,Legal
Legal Research Analysis,Legal
Legal Research Design,Legal
Legal Research Development,Legal
Legal Research Optimization,Legal
Legal Research Integration,Legal
Legal Research Testing,Legal
Legal Research Support,Legal
Legal Research Strategy,Legal
Compliance (Beginner),Legal
Compliance (Intermediate),Legal
Compliance (Advanced),Legal
Compliance (Expert),Legal
Compliance Implementation,Legal
Compliance Administration,Legal
Compliance Analysis,Legal
Compliance Design,Legal
Compliance Development,Legal
Compliance Optimization,Legal
Compliance Integration,Legal
Compliance Testing,Legal
Compliance Support,Legal
Compliance Strategy,Legal
Litigation Support (Beginner),Legal
Litigation Support (Intermediate),Legal
Litigation Support (Advanced),Legal
Litigation Support (Expert),Legal
Litigation Support Implementation,Legal
Litigation Support Administration,Legal
Litigation Support Analysis,Legal
Litigation Support Design,Legal
Litigation Support Development,Legal
Litigation Support Optimization,Legal
Litigation Support Integration,Legal
Litigation Support Testing,Legal
Litigation Support Support,Legal
Litigation Support Strategy,Legal
Curriculum Development (Beginner),Education
Curriculum Development (Intermediate),Education
Curriculum Development (Advanced),Education
Curriculum Development (Expert),Education
Curriculum Development Implementation,Education
Curriculum Development Administration,Education
Curriculum Development Analysis,Education
Curriculum Development Design,Education
Curriculum Development Development,Education
Curriculum Development Optimization,Education
Curriculum Development Integration,Education
Curriculum Development Testing,Education
Curriculum Development Support,Education
Curriculum Development Strategy,Education
Teaching (Beginner),Education
Teaching (Intermediate),Education
Teaching (Advanced),Education
Teaching (Expert),Education
Teaching Implementation,Education
Teaching Administration,Education
Teaching Analysis,Education
Teaching Design,Education
Teaching Development,Education
Teaching Optimization,Education
Teaching Integration,Education
Teaching Testing,Education
Teaching Support,Education
Teaching Strategy,Education
Assessment Design (Beginner),Education
Assessment Design (Intermediate),Education
Assessment Design (Advanced),Education
Assessment Design (Expert),Education
Assessment Design Implementation,Education
Assessment Design Administration,Education
Assessment Design Analysis,Education
Assessment Design Design,Education
Assessment Design Development,Education
Assessment Design Optimization,Education
Assessment Design Integration,Education
Assessment Design Testing,Education
Assessment Design Support,Education
Assessment Design Strategy,Education
Classroom Management (Beginner),Education
Classroom Management (Intermediate),Education
Classroom Management (Advanced),Education
Classroom Management (Expert),Education
Classroom Management Implementation,Education
Classroom Management Administration,Education
Classroom Management Analysis,Education
Classroom Management Design,Education
Classroom Management Development,Education
Classroom Management Optimization,Education
Classroom Management Integration,Education
Classroom Management Testing,Education
Classroom Management Support,Education
Classroom Management Strategy,Education
Agile (Beginner),Project Management
Agile (Intermediate),Project Management
Agile (Advanced),Project Management
Agile (Expert),Project Management
Agile Implementation,Project Management
Agile Administration,Project Management
Agile Analysis,Project Management
Agile Design,Project Management
Agile Development,Project Management
Agile Optimization,Project Management
Agile Integration,Project Management
Agile Testing,Project Management
Agile Support,Project Management
Agile Strategy,Project Management
Scrum (Beginner),Project Management
Scrum (Intermediate),Project Management
Scrum (Advanced),Project Management
Scrum (Expert),Project Management
Scrum Implementation,Project Management
Scrum Administration,Project Management
Scrum Analysis,Project Management
Scrum Design,Project Management
Scrum Development,Project Management
Scrum Optimization,Project Management
Scrum Integration,Project Management
Scrum Testing,Project Management
Scrum Support,Project Management
Scrum Strategy,Project Management
Kanban (Beginner),Project Management
Kanban (Intermediate),Project Management
Kanban (Advanced),Project Management
Kanban (Expert),Project Management
Kanban Implementation,Project Management
Kanban Administration,Project Management
Kanban Analysis,Project Management
Kanban Design,Project Management
Kanban Development,Project Management
Kanban Optimization,Project Management
Kanban Integration,Project Management
Kanban Testing,Project Management
Kanban Support,Project Management
Kanban Strategy,Project Management
Risk Assessment (Beginner),Project Management
Risk Assessment (Intermediate),Project Management
Risk Assessment (Advanced),Project Management
Risk Assessment (Expert),Project Management
Risk Assessment Implementation,Project Management
Risk Assessment Administration,Project Management
Risk Assessment Analysis,Project Management
Risk Assessment Design,Project Management
Risk Assessment Development,Project Management
Risk Assessment Optimization,Project Management
Risk Assessment Integration,Project Management
Risk Assessment Testing,Project Management
Risk Assessment Support,Project Management
Risk Assessment Strategy,Project Management
Resource Planning (Beginner),Project Management
Resource Planning (Intermediate),Project Management
Resource Planning (Advanced),Project Management
Resource Planning (Expert),Project Management
Resource Planning Implementation,Project Management
Resource Planning Administration,Project Management
Resource Planning Analysis,Project Management
Resource Planning Design,Project Management
Resource Planning Development,Project Management
Resource Planning Optimization,Project Management
Resource Planning Integration,Project Management
Resource Planning Testing,Project Management
Resource Planning Support,Project Management
Resource Planning Strategy,Project Management
Wireframing (Beginner),UI/UX
Wireframing (Intermediate),UI/UX
Wireframing (Advanced),UI/UX
Wireframing (Expert),UI/UX
Wireframing Implementation,UI/UX
Wireframing Administration,UI/UX
Wireframing Analysis,UI/UX
Wireframing Design,UI/UX
Wireframing Development,UI/UX
Wireframing Optimization,UI/UX
Wireframing Integration,UI/UX
Wireframing Testing,UI/UX
Wireframing Support,UI/UX
Wireframing Strategy,UI/UX
Prototyping (Beginner),UI/UX
Prototyping (Intermediate),UI/UX
Prototyping (Advanced),UI/UX
Prototyping (Expert),UI/UX
Prototyping Implementation,UI/UX
Prototyping Administration,UI/UX
Prototyping Analysis,UI/UX
Prototyping Design,UI/UX
Prototyping Development,UI/UX
Prototyping Optimization,UI/UX
Prototyping Integration,UI/UX
Prototyping Testing,UI/UX
Prototyping Support,UI/UX
Prototyping Strategy,UI/UX
User Research (Beginner),UI/UX
User Research (Intermediate),UI/UX
User Research (Advanced),UI/UX
User Research (Expert),UI/UX
User Research Implementation,UI/UX
User Research Administration,UI/UX
User Research Analysis,UI/UX
User Research Design,UI/UX
User Research Development,UI/UX
User Research Optimization,UI/UX
User Research Integration,UI/UX
User Research Testing,UI/UX
User Research Support,UI/UX
User Research Strategy,UI/UX
Figma (Beginner),UI/UX
Figma (Intermediate),UI/UX
Figma (Advanced),UI/UX
Figma (Expert),UI/UX
Figma Implementation,UI/UX
Figma Administration,UI/UX
Figma Analysis,UI/UX
Figma Design,UI/UX
Figma Development,UI/UX
Figma Optimization,UI/UX
Figma Integration,UI/UX
Figma Testing,UI/UX
Figma Support,UI/UX
Figma Strategy,UI/UX
Accessibility (Beginner),UI/UX
Accessibility (Intermediate),UI/UX
Accessibility (Advanced),UI/UX
Accessibility (Expert),UI/UX
Accessibility Implementation,UI/UX
Accessibility Administration,UI/UX
Accessibility Analysis,UI/UX
Accessibility Design,UI/UX
Accessibility Development,UI/UX
Accessibility Optimization,UI/UX
Accessibility Integration,UI/UX
Accessibility Testing,UI/UX
Accessibility Support,UI/UX
Accessibility Strategy,UI/UX
Communication (Beginner),Soft Skills
Communication (Intermediate),Soft Skills
Communication (Advanced),Soft Skills
Communication (Expert),Soft Skills
Communication Implementation,Soft Skills
Communication Administration,Soft Skills
Communication Analysis,Soft Skills
Communication Design,Soft Skills
Communication Development,Soft Skills
Communication Optimization,Soft Skills
Communication Integration,Soft Skills
Communication Testing,Soft Skills
Communication Support,Soft Skills
Communication Strategy,Soft Skills
Leadership (Beginner),Soft Skills
Leadership (Intermediate),Soft Skills
Leadership (Advanced),Soft Skills
Leadership (Expert),Soft Skills
Leadership Implementation,Soft Skills
Leadership Administration,Soft Skills
Leadership Analysis,Soft Skills
Leadership Design,Soft Skills
Leadership Development,Soft Skills
Leadership Optimization,Soft Skills
Leadership Integration,Soft Skills
Leadership Testing,Soft Skills
Leadership Support,Soft Skills
Leadership Strategy,Soft Skills
Problem Solving (Beginner),Soft Skills
Problem Solving (Intermediate),Soft Skills
Problem Solving (Advanced),Soft Skills
Problem Solving (Expert),Soft Skills
Problem Solving Implementation,Soft Skills
Problem Solving Administration,Soft Skills
Problem Solving Analysis,Soft Skills
Problem Solving Design,Soft Skills
Problem Solving Development,Soft Skills
Problem Solving Optimization,Soft Skills
Problem Solving Integration,Soft Skills
Problem Solving Testing,Soft Skills
Problem Solving Support,Soft Skills
Problem Solving Strategy,Soft Skills
Teamwork (Beginner),Soft Skills
Teamwork (Intermediate),Soft Skills
Teamwork (Advanced),Soft Skills
Teamwork (Expert),Soft Skills
Teamwork Implementation,Soft Skills
Teamwork Administration,Soft Skills
Teamwork Analysis,Soft Skills
Teamwork Design,Soft Skills
Teamwork Development,Soft Skills
Teamwork Optimization,Soft Skills
Teamwork Integration,Soft Skills
Teamwork Testing,Soft Skills
Teamwork Support,Soft Skills
Teamwork Strategy,Soft Skills
Critical Thinking (Beginner),Soft Skills
Critical Thinking (Intermediate),Soft Skills
Critical Thinking (Advanced),Soft Skills
Critical Thinking (Expert),Soft Skills
Critical Thinking Implementation,Soft Skills
Critical Thinking Administration,Soft Skills
Critical Thinking Analysis,Soft Skills
Critical Thinking Design,Soft Skills
Critical Thinking Development,Soft Skills
Critical Thinking Optimization,Soft Skills
Critical Thinking Integration,Soft Skills
Critical Thinking Testing,Soft Skills
Critical Thinking Support,Soft Skills
Critical Thinking Strategy,Soft Skills
